Id,Price
0,5169.428
1,5429.625
2,13504.26585
3,3938.01
4,4880.005
5,4110.257
6,5681.889
7,9523.040960171153
8,6043.769
9,15295.60625
10,10247.639
11,5826.72
12,11378.072
13,5120.406566666667
14,6657.5595
15,13325.7544
16,10206.255283896991
17,12812.292924603173
18,11269.972
19,5924.405
20,8661.794541869362
21,7944.446002380952
22,8651.669525000001
23,9547.699177866956
24,13586.039764285713
25,13079.279804137039
26,11236.048636363637
27,6667.987666666667
28,5524.765
29,12143.072611111114
30,14352.117741666665
31,10667.07939584925
32,10023.386696969696
33,11841.749
34,13562.607898290598
35,8721.991
36,13595.442066666667
37,4506.687
38,4211.651
39,4277.595
40,2075.686
41,5690.622
42,9400.635262589996
43,7135.092
44,12314.479824999999
45,12354.909495238093
46,5744.509363636364
47,4973.349
48,13853.0819
49,5403.28075
50,10077.729745977012
51,5152.933
52,5808.141
53,13507.437
54,4446.108
55,3985.1558
56,7253.913214692983
57,10022.114364624396
58,8547.8315
59,6995.123
60,8164.832
61,3871.262
62,4406.65
63,5874.951
64,10830.124333333333
65,12754.507256168823
66,14210.926833333335
67,11019.529475901876
68,11142.908
69,12986.667083333332
70,7652.401400000001
71,13394.708401937985
72,12240.574
73,2437.538
74,10188.75475
75,12435.277900000001
76,11346.22
77,7002.860900000001
78,7026.996
79,5770.89
80,11032.352066666666
81,11818.83025
82,13128.576727579366
83,4649.925
84,9638.585726044166
85,13331.153495454546
86,4256.448
87,10935.322818487395
88,14301.0857
89,12150.710761904762
90,6672.2370666666675
91,11612.772029411764
92,4668.62
93,10001.786500000002
94,15625.7115
95,8991.783373333334
96,7032.653
97,4354.466
98,10705.340247126438
99,14065.412787878788
100,14289.054737711092
101,4211.537
102,5298.228
103,9628.874702502679
104,5328.0266
105,13811.407929166666
106,11448.724
107,9306.401
108,10899.3545
109,15400.307
110,13211.947620512823
111,5113.362
112,11783.01748452381
113,11662.023
114,13541.507383333335
115,5122.17
116,9331.957
117,3652.6
118,13500.60381092437
119,14929.273583333332
120,11328.961
121,13335.233566666666
122,6495.387
123,3871.642
124,8548.049346253743
125,3691.543
126,13527.917416666665
127,9060.833333333332
128,3899.116
129,13428.86092857143
130,12808.820903985506
131,12870.148
132,10571.703950000001
133,3924.849
134,8747.193577504026
135,9741.102916666669
136,4782.168
137,12326.850333333334
138,6068.558444444444
139,11334.649333333335
140,11365.914571428571
141,2023.554
142,3841.461
143,7251.230166666667
144,6973.624
145,6502.997
146,9548.359476190477
147,14384.836188888889
148,14094.344171277526
149,8939.885333333334
150,13850.78725981222
151,13320.764640442889
152,5233.382
153,5961.454750000001
154,10212.48254720497
155,11360.239333333335
156,21878.915
157,13049.457434920625
158,10614.6865
159,4072.894
160,14255.934105263159
161,3856.41
162,3944.343
163,5972.118
164,4743.929
165,7238.368
166,11159.691636363637
167,5913.267133333334
168,18342.263
169,6738.241
170,11092.338681250001
171,14461.711
172,6039.898840476191
173,4506.304
174,10035.616049999999
175,3461.9686
176,5163.472
177,14285.820677777774
178,10946.565598039215
179,9987.610847330447
180,12248.505
181,3706.418
182,5291.044
183,6150.612
184,7717.009666666666
185,12007.95635
186,19967.9326
187,11135.546666666667
188,10808.124
189,8651.813025
190,4276.8725
191,5985.149
192,13989.3215
193,4761.655
194,4021.795
195,15575.117
196,12679.653272159092
197,8330.590931857676
198,4730.7518
199,11411.972666666668
200,4376.212166666666
201,14008.653
202,5544.393
203,6871.832828947368
204,5243.907
205,4185.604
206,4680.433315789474
207,3581.924
208,17051.044
209,3910.038
210,16573.73833333333
211,4830.5578
212,10169.536523989897
213,13311.116266666671
214,9640.625
215,8408.30185
216,13756.97408888889
217,3873.864
218,8545.16625
219,3944.522
220,3889.907
221,4598.611
222,11021.711
223,7036.6729000000005
224,12384.179420454546
225,7599.234444444444
226,7816.428
227,4892.903
228,13662.884650000002
229,7016.527816666668
230,4000.05375
231,7999.868849999999
232,3914.929
233,12977.527
234,12991.9255
235,8543.855
236,3465.889
237,10155.116166666667
238,9688.3405
239,10171.9895
240,11508.328
241,13141.924033333333
242,5547.815304761901
243,12224.731569185877
244,11519.835721710526
245,7133.96725
246,5826.321
247,11929.446083333334
248,4341.789
249,13984.7420328722
250,7701.956666666666
251,14288.637288888889
252,7704.939899756052
253,6879.497
254,13282.522921801887
255,10428.584196103895
256,6727.0485
257,14358.642
258,11134.012067149759
259,6154.119
260,14236.232
261,4761.2705
262,10943.737833333334
263,5421.362
264,6143.345
265,6709.179
266,4848.4654
267,7828.207637931035
268,12235.1665
269,3892.267
270,8505.6016
271,8539.456083333333
272,13048.585
273,10566.6015
274,5608.889
275,3684.748
276,7314.407
277,9710.865526068377
278,5828.94
279,8400.274
280,14362.423
281,3896.279
282,3213.621
283,11246.788111111113
284,6194.8892000000005
285,4294.704
286,9649.704333333331
287,10958.865607600732
288,12080.761619047618
289,3661.468
290,13974.991
291,9898.56048821984
292,6892.809049999999
293,14121.50014761905
294,3191.353333333333
295,6894.511
296,7417.551
297,10667.18255994152
298,2029.591
299,8886.781816666666
300,4428.107285714285
301,14738.514
302,13164.675117798866
303,8275.344178361052
304,9253.27775
305,3651.18
306,10884.828
307,12322.6155
308,10566.6159
309,13598.308871794872
310,9387.18515188984
311,13303.627073776222
312,12806.787672222223
313,16254.437
314,14200.57
315,10798.647
316,14398.337818253975
317,12374.535175839274
318,11387.04
319,11017.056700000001
320,12173.718288461538
321,15094.43910777039
322,11124.6211
323,9096.20257142857
324,10228.536
325,5857.183
326,8913.08397222222
327,11171.161900000001
328,12473.407
329,6274.536
330,4672.034610526316
331,7006.614
332,13610.178349573684
333,5304.047
334,4777.851
335,11893.693
336,3812.052
337,8700.399454545455
338,10587.592
339,14727.448666666665
340,8292.32938305744
341,13114.597500000002
342,5208.708
343,14437.69508381389
344,16644.967114285715
345,3455.44
346,4045.9274347826085
347,12735.87024207164
348,5251.2345
349,13955.030958766132
350,4844.685
351,3065.602
352,12755.650471014493
353,3593.879
354,14809.693536507937
355,3796.04
356,11088.92245
357,17260.6265
358,10682.89
359,4693.472315789474
360,9029.69615
361,13973.47406835291
362,4297.232
363,11247.666166666666
364,6262.995
365,10941.505123076924
366,4174.256
367,9326.247599999999
368,10710.52225297619
369,8388.418666666666
370,10816.123549999998
371,6755.562
372,4066.753
373,12556.768702380952
374,5788.092
375,4214.257
376,5151.823
377,11790.636783288688
378,3934.083
379,4059.9391666666666
380,9717.421849999999
381,16945.00975
382,14143.570328571428
383,8086.124760526315
384,21687.945
385,9293.3135
386,9937.511416666668
387,11123.304965079367
388,8638.420416666666
389,5487.243
390,8568.953358402014
391,9561.553
392,8283.37447121212
393,3784.91
394,9973.494223809523
395,10310.357903469077
396,9251.181153891566
397,4610.203
398,10279.65
399,12395.31685661493
400,13185.887916666668
401,17709.796164285715
402,14630.278
403,11679.721658333332
404,7328.748
405,3575.472
406,4086.395
407,2543.379666666667
408,11187.811225407924
409,4919.789
410,12355.758
411,11878.535020512822
412,13554.913357142857
413,3909.505
414,4244.772
415,8851.349
416,14997.795583333333
417,10902.5085
418,9315.765333333333
419,3900.606
420,4148.218
421,4207.648666666666
422,8390.0305
423,11911.829753070178
424,10774.883944444444
425,18361.733
426,7475.8845
427,11854.91235
428,7266.642
429,6541.675
430,7553.207666666667
431,11963.836
432,5983.302
433,13899.019
434,6280.426
435,14035.171461128362
436,6266.5466
437,12782.303
438,13649.075083333331
439,4500.214
440,13137.305413919414
441,4769.338
442,9998.764804705883
443,5556.038
444,11061.923
445,13490.70887781012
446,6134.64388888889
447,6063.734
448,11249.736326190477
449,10555.9675614532
450,7598.717916666667
451,4888.652333333333
452,9057.999672161173
453,13976.175397480054
454,4126.701
455,7129.7253
456,16455.095833333333
457,4417.4391428571425
458,4735.182
459,13336.193060632038
460,13619.324
461,7978.099229514927
462,6747.778283333332
463,11771.646983333334
464,5359.784799999999
465,10124.733136610124
466,3586.843
467,5464.394
468,4717.194666666667
469,11243.124636363636
470,4426.984466666667
471,12331.973280952381
472,9808.780004978355
473,9862.840614285715
474,8274.65025
475,12472.084
476,10256.898678789594
477,4753.654
478,17041.287949999998
479,11575.627142857142
480,5964.9974
481,11375.234333333334
482,6332.6543
483,6841.412283333333
484,12579.289504347826
485,3334.355
486,9267.858
487,4575.139
488,12436.64736378446
489,7524.454266666667
490,7060.388
491,13999.205
492,15930.4755
493,4117.286
494,10176.24
495,12395.6155
496,5529.671
497,10672.3385988456
498,8269.86213419987
499,12941.098391666668
500,4698.169
501,3613.295
502,7369.749466666667
503,7912.4312666666665
504,5018.258
505,11165.573541666667
506,6154.134
507,14332.079699999998
508,9986.61256372549
509,4641.158
510,10173.8085
511,4712.198
512,11076.902222222223
513,7208.3675
514,12500.79852540497
515,13399.904940033222
516,4537.36975
517,10790.170139781905
518,3875.402
519,10914.37355015674
520,11963.569176400559
521,10643.057202070395
522,3633.957
523,6303.098
524,4750.8643
525,12621.146300000002
526,6425.668116666666
527,14850.3964
528,5899.073
529,11959.178666666667
530,5353.424
531,7719.9255
532,6597.912
533,4203.134
534,14388.968514285714
535,18761.651
536,9931.645608333332
537,14021.317649999999
538,12705.1405
539,4584.500400000001
540,4625.887
541,6996.095
542,4499.588
543,6837.155
544,6058.992
545,13805.420616666665
546,11984.36175
547,14403.6381936508
548,9382.748222423952
549,15662.871
550,6988.5685
551,4723.476
552,10100.040674796748
553,10913.517583333334
554,13514.244316476399
555,11331.077488095238
556,5109.056
557,7484.988
558,3948.1095
559,16640.711033333333
560,8824.811833333331
561,8058.085621626983
562,5976.293
563,13859.396292857144
564,13671.692515686273
565,4679.802315789474
566,4690.384599999999
567,7532.4011
568,6404.239
569,6338.823
570,3092.19
571,5218.615
572,6628.917
573,6987.620400000001
574,4670.863
575,10157.717166666665
576,4686.49
577,9135.292971428573
578,10998.20126904762
579,10160.907
580,6469.2385
581,8070.2467
582,4063.868
583,9704.433648210257
584,5165.658
585,4691.977599999999
586,4141.417
587,6466.693
588,12854.688403985507
589,2968.066
590,3488.731
591,6339.141550000001
592,3746.391
593,10552.571166378011
594,4332.222400000001
595,10855.7925
596,6225.194
597,14815.796400000001
598,12914.636341463414
599,7275.135
600,13303.627073776222
601,9030.002
602,12293.436591666667
603,12692.777158333332
604,13555.3475
605,8323.969183333333
606,8158.7075
607,3586.266
608,10531.641132178931
609,4350.404
610,3573.384
611,24501.306
612,7819.027
613,3605.789
614,12589.157946428573
615,8034.87959206349
616,3100.58
617,12980.685216463415
618,10799.874
619,13133.798133333337
620,13935.009841790876
621,12638.820301136364
622,9261.5116
623,10323.019233333334
624,12661.9865
625,9831.3171
626,11929.476
627,4598.307
628,8087.332747126437
629,12059.559583333334
630,6452.775942307692
631,10736.867
632,9575.841513877911
633,8493.373458292877
634,6529.075
635,5154.903
636,9582.571
637,8255.0335
638,12757.702737622994
639,10753.771310781483
640,5763.529
641,3666.4235
642,4197.5685
643,15549.498
644,4694.9
645,13906.123289045614
646,5080.276
647,14468.212655172414
648,3547.795
649,9145.938
650,13626.051345470529
651,4612.587
652,9305.897
653,10814.439210439561
654,10987.055
655,8911.288733333335
656,11002.538833333334
657,13286.951687878787
658,3870.102
659,14054.561288888888
660,6243.235
661,13001.4481
662,2041.803
663,5785.794
664,2313.077
665,13326.666160790597
666,7942.9005636363645
667,12381.980488394256
668,9806.391333333331
669,7078.499
670,10063.099785714285
671,4394.2671404761895
672,13729.504216666666
673,7434.816007120282
674,3665.253
675,6401.62
676,12776.252
677,17613.115
678,4105.382
679,4402.612966666667
680,10300.161
681,12888.798833333334
682,10105.918
683,7050.127
684,24333.712
685,7466.19045
686,4674.513315789474
687,13565.032089772727
688,9460.474316666667
689,9540.56851711882
690,8682.894025095375
691,10321.125375
692,10314.737130555555
693,10895.35749598294
694,13302.170333333332
695,9224.076795454546
696,16476.3485
697,4232.442
698,3890.108
699,12073.176924607411
700,13020.137949999997
701,8657.38004
702,3407.354
703,13408.7814
704,2584.9955000000004
705,4784.453
706,8789.174285714285
707,13583.234406952592
708,12370.14161904762
709,11671.829
710,6768.608137931035
711,14211.86085062696
712,9546.895966666667
713,13486.8014
714,10323.015
715,13608.608095238096
716,10058.826
717,3331.947
718,12150.88875
719,10376.707
720,8746.395083333333
721,10510.0318125
722,6694.332
723,8210.659666666666
724,4432.509
725,8553.019485714287
726,4428.145
727,7464.864571428572
728,10156.910721440334
729,5215.83825
730,3646.434
731,7209.5193
732,12135.932
733,7198.363
734,6783.127
735,5550.004
736,14586.713
737,8363.318866666668
738,13574.691742857141
739,9341.325217787113
740,9208.106099999999
741,6785.637288095239
742,14840.997666666666
743,11275.670131956116
744,10913.743199999999
745,4675.550666666666
746,4581.465
747,3890.339
748,5366.525
749,8963.147852766799
750,11816.660308333334
751,4071.75
752,13257.759
753,13658.230871794873
754,12709.048122713415
755,5455.201
756,17327.233047619047
757,11102.781371121933
758,12255.094052380953
759,14045.534
760,11548.643855520353
761,9586.810877407566
762,12848.096230352303
763,15867.0755
764,8240.262066666668
765,11393.766429989075
766,14481.949299711401
767,3861.327
768,3594.889
769,3681.802
770,13258.527676984126
771,11323.473
772,10002.480506227106
773,13723.955633748195
774,3374.532666666667
775,5990.953444444444
776,13268.834092857143
777,5935.13
778,8915.374
779,4168.650799999999
780,13516.096666666666
781,11088.940777777778
782,2818.976
783,14752.635
784,3869.755
785,8045.706410912697
786,9122.918784315685
787,13289.13825
788,12744.926799533798
789,13129.145931232493
790,7208.29
791,8580.9851
792,6076.151692857139
793,12606.986579004331
794,7306.02081884058
795,3931.025
796,15787.266916666667
797,11873.945357142858
798,3846.098
799,8349.145
800,13330.459966666667
801,9210.45
802,7587.594762848262
803,13674.0355
804,4706.135333333334
805,9648.406
806,4795.166542857143
807,4402.612966666667
808,7489.028
809,9964.715564602722
810,6702.187
811,13049.146716666664
812,11752.249968932749
813,6925.955783492823
814,9252.044916666668
815,6117.407
816,12434.729541666666
817,6907.719
818,14467.8805
819,1996.349
820,10030.9876
821,6472.73
822,7082.444
823,10291.980944047618
824,9468.49
825,6704.813380952381
826,18294.415
827,3986.788
828,7428.475583333333
829,6186.533
830,14870.454
831,11993.278068131869
832,12964.722461251678
833,10159.955002070394
834,10425.476733579295
835,6668.6303333333335
836,5144.101944444444
837,8458.313798026316
838,6386.186
839,11524.532791666667
840,10043.760733333334
841,5926.989666666666
842,5111.291
843,13572.912
844,8727.682666666666
845,8850.074783906817
846,9009.4199925776
847,6220.412933333333
848,5152.78
849,10212.319316215107
850,7353.385233333334
851,4632.629
852,10970.7905
853,3848.421
854,4700.08
855,10072.841333333332
856,9222.206
857,6097.639
858,3892.303
859,11513.945250192497
860,11036.27
861,8212.753795670995
862,5448.073
863,7583.790650000001
864,3189.134
865,14338.065152597403
866,5213.2838666666685
867,6670.861
868,7016.01
869,3605.055
870,13364.464001872375
871,14348.77848076923
872,11038.23194736842
873,15615.934
874,4383.888966666666
875,7035.9645
876,13920.225749999998
877,6931.80025
878,7717.758
879,13336.338333333331
880,9779.970792045453
881,7694.376041666667
882,3837.589
883,5803.86
884,9468.631341463415
885,5432.61475
886,13236.266454726696
887,3037.563
888,8407.115783333333
889,12613.88056617647
890,8434.446410515871
891,6673.051
892,4617.534
893,15489.759
894,4176.38
895,10789.007888888887
896,8190.338
897,4931.92
898,10728.0765
899,8647.237583333332
900,3844.518
901,14917.55141919192
902,6265.641
903,3899.165
904,23275.608
905,8701.150341463415
906,4452.235
907,5586.714
908,6851.739
909,4916.476
910,4726.035400000001
911,14206.846166666668
912,6471.632166666667
913,6728.645
914,2663.074
915,11255.937666666669
916,8481.418233333334
917,5819.034
918,3755.358
919,5576.828
920,4948.337275000001
921,8846.463416666667
922,4772.334
923,9949.158
924,3909.424
925,3569.776
926,3664.827
927,13684.246448640817
928,5472.052770238096
929,10443.86186845039
930,3650.9995
931,12655.257
932,6006.602
933,14979.8745
934,10508.017614035089
935,11389.856251336898
936,2041.493
937,15641.977916666669
938,4696.0601
939,12288.144
940,8390.571
941,12377.311
942,11757.927965295816
943,3624.517
944,9708.60711666667
945,11754.453366666667
946,3726.242
947,14061.685166666666
948,5098.7828
949,12209.942
950,11474.63
951,6960.960757142854
952,12133.529666666665
953,14960.444533333333
954,9442.040377192981
955,12904.999
956,8159.345166666667
957,17374.16265
958,3568.3
959,9821.349572956527
960,7726.369966666667
961,15141.2545
962,3785.65
963,15078.134
964,10230.291075
965,5877.692592857144
966,4467.528
967,11226.66325
968,16679.596
969,5263.405
970,11905.938789285716
971,6815.947
972,11631.42
973,5421.559
974,8797.505105335389
975,12712.893333333333
976,3869.201
977,6734.7064
978,12193.912
979,4381.969875
980,12029.420978571427
981,7795.84845
982,10048.346
983,14803.478
984,3865.284
985,6362.5095
986,13562.839777807485
987,7320.020750159489
988,7878.479
989,11529.77
990,8800.439333333332
991,11299.1515
992,5776.163
993,10222.968333333334
994,4900.976
995,9852.1515
996,11537.609833333332
997,8587.587
998,9567.107593415296
999,4664.312
1000,13477.2864
1001,4181.24325
1002,3586.4
1003,9644.79054551282
1004,14253.2725
1005,4674.803
1006,5222.348783333334
1007,13593.52677631579
1008,5301.8817
1009,7624.802
1010,4397.874
1011,7671.865400000001
1012,3550.547
1013,14946.872333333333
1014,4658.048333333333
1015,6130.756
1016,14561.485
1017,11206.953064102565
1018,2457.416
1019,6235.237
1020,5407.396
1021,10522.074
1022,10603.883958564338
1023,2815.064
1024,6112.272
1025,7923.395
1026,6390.846
1027,9511.260147058822
1028,8226.046333333334
1029,3595.271
1030,4030.764
1031,12434.003276496329
1032,12827.562672021606
1033,10690.874866666667
1034,10137.9
1035,8663.497
1036,10710.330769230768
1037,3028.940666666667
1038,2418.788
1039,5465.445
1040,4416.748
1041,5870.279666666666
1042,11592.583
1043,10809.237
1044,3513.316
1045,8489.595
1046,9948.186159557163
1047,3660.583
1048,13659.49175
1049,8036.103904761906
1050,10669.746083333333
1051,15404.176833333333
1052,14507.398296825399
1053,4503.761
1054,5125.311
1055,2914.201
1056,4428.754
1057,14398.578545454548
1058,6547.9107
1059,5610.139
1060,11921.165222222222
1061,7953.896285714285
1062,12768.637801780875
1063,10355.953673333333
1064,12090.525333333335
1065,6091.895
1066,10909.616
1067,23599.551
1068,10405.248316666666
1069,7291.688264242423
1070,12797.14546217949
1071,9596.0906
1072,8848.713
1073,3574.802
1074,4842.54
1075,3939.347
1076,6325.844
1077,7627.227678947368
1078,11947.932916666667
1079,12836.394821014492
1080,7455.6174
1081,11598.875783050997
1082,9964.780033333333
1083,9756.827788461538
1084,4646.641815789474
1085,3975.953
1086,3889.51
1087,4623.243
1088,5626.924400000001
1089,12949.687230352303
1090,4731.3204000000005
1091,4695.222
1092,4721.145
1093,14640.694333333333
1094,6631.953
1095,13751.41025
1096,3718.401
1097,9169.144400000001
1098,6403.674
1099,10551.596833333331
1100,8413.244916666668
1101,13788.53275
1102,7769.318846794871
1103,3625.798
1104,4748.256
1105,3995.887
1106,11123.304965079367
1107,3780.449
1108,9192.486
1109,17944.027
1110,14966.24
1111,13119.850861538462
1112,7887.452805555555
1113,11334.23982278669
1114,13394.364761904762
1115,5306.0792
1116,16440.498
1117,14287.353
1118,8061.442441666666
1119,6645.094
1120,19869.405
1121,9378.01
1122,5770.242171428571
1123,8404.332936821727
1124,8170.485566666667
1125,16150.050583333332
1126,2769.789
1127,2070.235
1128,2265.584
1129,8519.9924049646
1130,11452.542516666666
1131,10378.264
1132,2614.761
1133,4453.5955
1134,4600.30675
1135,4145.735
1136,10324.66051973684
1137,6698.933333333333
1138,10292.335216666666
1139,15061.743147619052
1140,13011.231583333334
1141,11545.315073809523
1142,6562.52638095238
1143,5090.137
1144,13362.148294485309
1145,7735.084112499999
1146,16348.200833333332
1147,13241.246795454546
1148,4410.9878
1149,14865.476901628765
1150,9266.614
1151,3601.789
1152,7824.246
1153,14159.198666666665
1154,12420.609207142857
1155,4710.075
1156,15164.4325
1157,6465.994
1158,6948.1534
1159,10244.125800000002
1160,14457.734437136472
1161,11669.189
1162,12669.612715928719
1163,6507.759
1164,10563.071133333333
1165,9744.349186195544
1166,3902.145
1167,13721.290283333336
1168,11683.297470238093
1169,12686.728794871797
1170,13682.87694361472
1171,14451.086071839081
1172,11034.589510732323
1173,11098.844099019607
1174,6369.1665
1175,10996.970833333335
1176,6468.483
1177,12841.72677142857
1178,4712.143
1179,2034.277
1180,8705.554454545456
1181,9421.473181364643
1182,5572.415400000001
1183,5204.1168
1184,7181.487495614034
1185,5800.111
1186,13460.330059649123
1187,9004.939904761903
1188,6399.3514000000005
1189,10957.672636904761
1190,12068.4295
1191,9653.781
1192,13183.576759523809
1193,5612.274
1194,10542.025
1195,13393.744516883116
1196,4365.212666666666
1197,5599.144666666667
1198,11460.924666666668
1199,6452.293
1200,11303.460801893938
1201,4052.446
1202,8787.795
1203,10077.084047058825
1204,13104.688716463415
1205,13093.271355492427
1206,11236.14298378161
1207,12841.35478125
1208,8334.081003280486
1209,9612.997
1210,15500.90912065712
1211,6689.101
1212,15952.721666666666
1213,14184.376746822521
1214,13885.340351201768
1215,10198.00525
1216,9448.824033333332
1217,4725.1014000000005
1218,12544.757468635617
1219,11483.572950000002
1220,10651.230723076924
1221,14295.006
1222,14909.777666666667
1223,14226.845
1224,2753.515
1225,13150.616828427143
1226,2809.008
1227,3836.286
1228,14243.949666666666
1229,4454.202455555555
1230,7914.412666666667
1231,9725.744349802371
1232,4586.276
1233,10340.83875
1234,11503.625333333333
1235,3927.43
1236,8941.569533333333
1237,6069.768
1238,10768.18045714286
1239,9500.9401
1240,10586.721981861001
1241,8489.162967367143
1242,11327.4895
1243,3038.657
1244,10561.191824354535
1245,14969.2615
1246,14448.45764069264
1247,10433.068079182582
1248,9342.879
1249,6990.278
1250,6268.261
1251,10131.32441025641
1252,5563.587
1253,13236.95375
1254,12413.866
1255,3553.276666666667
1256,6154.68721904762
1257,4224.205875
1258,11139.61399047619
1259,9633.87
1260,2757.739
1261,11027.472625
1262,13189.893256349205
1263,8981.804332812924
1264,8628.99404
1265,8284.836833333335
1266,16428.125
1267,7941.85
1268,4228.9857999999995
1269,13913.39147051282
1270,4299.185
1271,4653.922915789474
1272,11866.8745
1273,6381.488
1274,13098.441578837152
1275,4676.375666666666
1276,13226.207242424241
1277,11290.349666666665
1278,3568.487
1279,12843.2845
1280,8684.403025
1281,17026.981883333334
1282,6481.752
1283,4676.142010526316
1284,11256.783
1285,12507.8105
1286,11729.868482936507
1287,9045.858
1288,6127.319
1289,3304.471
1290,10939.397754384509
1291,4243.395
1292,6335.6225
1293,14643.884
1294,11480.392666666667
1295,6151.342
1296,8617.177706623625
1297,14575.527884157918
1298,7919.967666666666
1299,9695.958304761905
1300,14368.5105
1301,12947.806263888888
1302,13675.681742231023
1303,15948.319
1304,23678.078
1305,8660.934166666666
1306,11100.2302
1307,13220.988875
1308,6892.449887931035
1309,5155.933
1310,6208.585900000001
1311,13203.47188235294
1312,13898.577654627217
1313,9028.856
1314,4695.661
1315,13317.4705
1316,12204.150866666667
1317,4551.813
1318,5586.825
1319,10844.416931349208
1320,14128.844589285714
1321,12467.541908333333
1322,8647.2974
1323,6706.938
1324,12523.652
1325,5200.247
1326,13262.5257
1327,4730.784799999999
1328,4250.0195
1329,6807.606055555556
1330,3869.416
1331,14314.027321839081
1332,10532.88345
1333,13601.079583333334
1334,3905.026
1335,11946.44675
1336,15268.362
1337,7938.099
1338,13102.094046969698
1339,3991.03725
1340,11715.829853951001
1341,10283.968
1342,14785.03085
1343,7367.6091
1344,8818.829783333333
1345,6358.235
1346,4685.859
1347,7998.884666666667
1348,17471.31525
1349,4074.61575
1350,12680.245700000001
1351,8877.88381957601
1352,9134.352066666666
1353,6837.334
1354,13199.28922121212
1355,6197.246
1356,4353.832
1357,8073.94
1358,12556.0689
1359,11156.458800793653
1360,6894.901
1361,13237.824931250001
1362,11019.529475901876
1363,11441.792747619045
1364,10249.848690915296
1365,7941.8786
1366,8966.03904
1367,12822.462821014491
1368,8939.890616666667
1369,13258.498354040405
1370,15440.827
1371,13221.798065603842
1372,12975.932600000002
1373,3624.153
1374,9662.643814438994
1375,3850.528
1376,23897.286
1377,7335.6336833333335
1378,11154.398242424242
1379,4439.8568
1380,3625.575
1381,10660.46305138889
1382,4350.2798
1383,10086.945666666668
1384,11113.9927
1385,11796.5058197701
1386,10930.761
1387,11008.778
1388,10259.988
1389,14741.509
1390,24058.353
1391,4015.8396666666663
1392,3534.2806
1393,5854.833
1394,7919.967666666666
1395,4329.426666666666
1396,4093.872
1397,13368.109483333334
1398,4675.3026
1399,3991.294
1400,8959.938
1401,8496.71335
1402,6750.357
1403,4691.534
1404,11494.963
1405,10910.847545454544
1406,4243.759
1407,6531.6957
1408,10116.434640882811
1409,6428.243363636363
1410,7820.249
1411,12080.348
1412,16383.852
1413,3845.26
1414,4607.452366666667
1415,12164.1476
1416,9596.298
1417,8230.00928256302
1418,10849.352492822965
1419,7762.727173809524
1420,4528.590666666666
1421,13628.262231379731
1422,11483.153478260869
1423,12015.701775763122
1424,5957.853
1425,3605.51
1426,10700.235583333333
1427,9827.999416666667
1428,11230.23505015674
1429,13697.689899394567
1430,4592.026115789474
1431,15393.895466666669
1432,10832.09
1433,12419.137857142858
1434,9720.51788054458
1435,4661.859
1436,12898.01355
1437,6666.909
1438,13655.767088621482
1439,11432.5228
1440,4635.741055555556
1441,6633.516
1442,10637.649082736105
1443,9935.169
1444,12882.326542359104
1445,17408.077
1446,6341.172
1447,7322.16438888889
1448,4688.089
1449,8733.626
1450,15262.0325
1451,4306.859
1452,18129.482866666665
1453,11288.668166666668
1454,7866.962
1455,6892.809049999999
1456,12232.450666666668
1457,9592.714911616162
1458,6893.391
1459,6987.275310317461
1460,14578.292
1461,11192.679833333334
1462,5546.4507
1463,14629.3496875
1464,12870.881954347826
1465,4101.099
1466,5411.3592
1467,14361.196964285715
1468,11049.21039467787
1469,18363.258
1470,13657.404
1471,19913.975
1472,12678.9175
1473,5269.011333333334
1474,4597.893
1475,13527.379632780292
1476,5239.299400000001
1477,6233.111
1478,4863.349
1479,6048.267363636363
1480,4157.313
1481,8821.214
1482,11451.186
1483,14119.874738095239
1484,13030.824534658217
1485,17241.92933095238
1486,12806.730833333331
1487,11366.3705
1488,11633.983302360895
1489,2298.589
1490,3967.162
1491,6114.495
1492,12000.153897619046
1493,8690.321666666669
1494,4730.061
1495,12402.371553846155
1496,7787.25635
1497,5416.526
1498,5082.7064
1499,6923.408
1500,2928.118
1501,5570.238166666667
1502,11514.765
1503,9463.972956666667
1504,7875.061732398822
1505,5928.386
1506,3947.999
1507,6797.5415
1508,13826.692666666666
1509,10884.541233333335
1510,10496.530925000001
1511,12818.06
1512,5216.065
1513,3903.092
1514,4135.258
1515,5908.609
1516,3778.439
1517,21580.092
1518,10090.194954761902
1519,11273.677
1520,12929.787
1521,10743.406233333335
1522,6332.7038
1523,12864.02431410256
1524,6136.089
1525,6799.918999999999
1526,15070.983666666665
1527,4964.151
1528,3650.825
1529,11448.804166666667
1530,11025.986666666668
1531,14398.337818253975
1532,11168.266
1533,4588.9935
1534,11260.310833333335
1535,5612.915666666667
1536,14557.829119191918
1537,4478.117142857142
1538,6162.219
1539,4466.845745454546
1540,5720.068733333334
1541,11870.428199999998
1542,13803.462303571428
1543,6031.729
1544,13260.768637908493
1545,5336.951
1546,17330.46079761905
1547,6060.857
1548,5228.199
1549,6671.814
1550,5152.2072
1551,11012.2096
1552,13806.185408333333
1553,6780.2874
1554,8648.120333333332
1555,11493.656603174602
1556,3027.224
1557,4668.843
1558,4296.236666666666
1559,11971.281168131869
1560,12279.547
1561,13161.344
1562,11232.134478260868
1563,5555.79475
1564,7546.0604
1565,6720.769
1566,14098.883916666666
1567,4356.318688888889
1568,5384.6495
1569,9942.172431372548
1570,4691.727
1571,6690.98375
1572,5151.68
1573,7102.4
1574,12858.014333333334
1575,14550.225
1576,7996.4828
1577,16388.9695
1578,9095.998
1579,4312.11
1580,8455.706
1581,10559.175772727274
1582,13998.717783839416
1583,5008.5024
1584,20259.350828571427
1585,12769.275
1586,11875.16024720497
1587,13446.9075
1588,14395.440512820513
1589,6503.01
1590,10940.74125
1591,6437.881
1592,3773.711434782608
1593,9337.8545
1594,6708.6472
1595,7963.775892772834
1596,3705.227
1597,8291.955
1598,11711.390943841125
1599,12346.222933333333
1600,14016.135439393942
1601,13944.7438
1602,10924.449033333334
1603,12910.072799999998
1604,7976.8865
1605,4610.546
1606,12072.850666666665
1607,13273.373549019609
1608,10253.380490686275
1609,9975.252083333333
1610,4671.3414
1611,8661.53575
1612,8648.225192266189
1613,4576.696
1614,13384.710083333333
1615,14686.992133333335
1616,7719.233583333333
1617,16184.51575
1618,4052.215
1619,3881.498
1620,11055.058333333334
1621,8416.637693859648
1622,10981.470150000001
1623,4781.382
1624,3991.917
1625,4686.555
1626,6084.2233636363635
1627,14161.419
1628,15321.2956875
1629,8525.691733333335
1630,7647.8679
1631,3463.712
1632,4989.149
1633,13218.962500000001
1634,4150.0211
1635,18829.64825
1636,10550.682
1637,10927.09
1638,14013.35
1639,10923.428533333336
1640,3311.078
1641,7023.099
1642,9367.667333333333
1643,4345.472
1644,3332.84
1645,4860.646
1646,4092.0667999999996
1647,7059.855
1648,6999.007
1649,12116.182865079365
1650,3787.122
1651,5139.264
1652,4984.548
1653,10017.131303968252
1654,11781.599833333334
1655,11217.518537326801
1656,6927.242
1657,3850.364
1658,18294.415
1659,10169.150666666668
1660,2921.727
1661,6596.88
1662,13074.037849999999
1663,3544.882
1664,9198.407
1665,8400.995133333332
1666,6611.782
1667,13229.092084465534
1668,3897.691
1669,7036.646
1670,12213.389857683982
1671,9550.555476190475
1672,6889.629
1673,7581.4308
1674,6133.7262
1675,11602.670530303028
1676,8077.381566648836
1677,14292.27197183908
1678,4270.3
1679,4522.321
1680,13297.529
1681,5435.539
1682,6649.734
1683,15343.31976754386
1684,10314.226580466577
1685,6881.855
1686,14279.361
1687,9925.073933333333
1688,12345.738
1689,14698.409766666668
1690,5182.558333333333
1691,8433.093
1692,12898.981
1693,3581.749
1694,4439.240833333333
1695,3962.602
1696,4279.739666666666
1697,4335.067
1698,6364.574363636363
1699,16017.008
1700,6491.694
1701,13529.106404575161
1702,14138.124606227108
1703,5308.906
1704,4558.442333333333
1705,12193.772716666666
1706,12858.278872159091
1707,14692.067583333333
1708,12383.1875
1709,6560.249444444444
1710,7080.237666666667
1711,12511.452833333335
1712,10039.498599999999
1713,4255.458
1714,13972.98165
1715,5760.521728571433
1716,10555.309
1717,10866.660979166667
1718,9669.620611239783
1719,8739.935
1720,14311.285
1721,9485.783333333335
1722,11200.621
1723,8018.013599999999
1724,9668.964333333333
1725,8344.4235
1726,12848.41566613904
1727,7336.729100778013
1728,3842.292
1729,11771.821232600734
1730,11147.348396825397
1731,4608.6964333333335
1732,4214.216288888889
1733,7822.695466666667
1734,13073.240622713414
1735,6674.39625
1736,14308.072363095236
1737,5023.491
1738,10818.119
1739,11465.317016666666
1740,12318.512566666666
1741,11698.932256728778
1742,14598.126333333332
1743,3549.292
1744,6914.5675
1745,8760.355025
1746,4808.526
1747,6596.72
1748,10269.956483333332
1749,16409.984
1750,3877.439
1751,8017.925
1752,8155.946298268398
1753,13049.146716666664
1754,14426.933867803027
1755,12767.709676190478
1756,10810.664
1757,15807.991
1758,14503.736666666666
1759,5214.881
1760,6195.87
1761,7038.012
1762,14373.587
1763,8200.502489226634
1764,7584.1894
1765,8291.633
1766,13712.136708943084
1767,7594.346
1768,16533.720666666668
1769,14348.482
1770,9303.130958333333
1771,12700.727
1772,12361.784
1773,4673.825315789474
1774,11061.022722222222
1775,4645.172315789474
1776,11277.836
1777,11683.297470238093
1778,5055.556
1779,4498.9486
1780,10568.863960762146
1781,14309.554390830253
1782,12204.02195
1783,13707.978059740259
1784,10194.084960801574
1785,2019.26
1786,9091.894872280616
1787,6621.513266666668
1788,3853.69
1789,6779.234
1790,3675.994
1791,4229.332327910686
1792,12398.512
1793,16333.91375
1794,7205.069
1795,10905.339
1796,10288.583753846153
1797,4309.108
1798,3843.856
1799,5329.045
1800,4400.7014
1801,15232.8715
1802,5444.464
1803,7808.522372249314
1804,2472.549
1805,14343.428942170742
1806,4649.622555555556
1807,9234.435
1808,11339.352488095237
1809,9296.290875
1810,4896.545
1811,3334.08
1812,8776.144
1813,11224.9035
1814,13919.84923076923
1815,3372.13
1816,4759.589
1817,13586.219109523807
1818,6864.221
1819,10512.324916666666
1820,10428.983966666665
1821,8710.273333333333
1822,11022.427181959705
1823,4117.533
1824,9376.554
1825,11848.80925
1826,11592.071875000001
1827,3861.945
1828,4439.737
1829,8690.212095075756
1830,6755.968400000001
1831,3935.634
1832,16018.104700000002
1833,13370.033894009217
1834,12057.452
1835,4277.246
1836,4817.9545
1837,14280.16
1838,12873.087819854105
1839,2024.27
1840,5838.248999999999
1841,11210.1208
1842,5155.122
1843,11633.56296904762
1844,4883.5532
1845,3589.672
1846,4631.0597
1847,12635.6475
1848,5542.805
1849,9783.850533333332
1850,2399.673
1851,9694.4510247249
1852,3008.397
1853,10061.443990656566
1854,12190.666702380951
1855,11331.963
1856,15007.40625
1857,14629.439833333332
1858,4267.144
1859,13077.699
1860,10023.954163636367
1861,10300.856
1862,3743.971934782609
1863,6530.312
1864,3843.282
1865,16133.264
1866,5811.529555555556
1867,11131.201
1868,8338.503200000001
1869,13915.133333333333
1870,11506.06
1871,14900.4
1872,5694.695
1873,8535.766412198913
1874,7447.916672727272
1875,11106.165333333334
1876,11406.148
1877,5936.03
1878,13891.1412
1879,9233.286832417583
1880,10036.477
1881,12158.694233333334
1882,10706.64775
1883,6806.7305
1884,12856.7304
1885,9893.110909142419
1886,24917.595
1887,4777.755955555556
1888,14130.618833333332
1889,8571.621066666667
1890,7282.927
1891,14289.579545454546
1892,11481.841
1893,2949.36
1894,16146.17325
1895,5295.8472
1896,3879.668
1897,9877.649528571426
1898,14931.49195
1899,5291.469
1900,16008.81425
1901,9898.56048821984
1902,13322.03231426332
1903,11662.8215
1904,10689.41548006536
1905,4242.216
1906,5680.986
1907,8603.568
1908,11920.6
1909,7127.190166666667
1910,12848.43546217949
1911,6510.551
1912,4241.204
1913,13448.5445
1914,16442.138
1915,8141.867078947368
1916,11010.098502677829
1917,14178.2165
1918,8257.645591666667
1919,2011.679
1920,10601.131
1921,12185.451
1922,6275.886
1923,3784.698
1924,3972.553666666667
1925,7040.633285714285
1926,5462.358333333333
1927,9726.9021
1928,9987.226613636365
1929,3145.977
1930,12946.11905
1931,11538.824
1932,4686.374
1933,4661.234875
1934,11282.568
1935,7878.57260952381
1936,12280.648666666668
1937,10323.133744444443
1938,10646.234833333334
1939,5536.614988095239
1940,5529.574
1941,16735.529
1942,8039.572307142857
1943,4709.325
1944,5096.294
1945,7404.217807142857
1946,7958.094752817181
1947,3788.871
1948,8416.433
1949,6058.939
1950,6704.1725
1951,14259.443055172414
1952,11916.399764224087
1953,7620.29863189588
1954,4100.504
1955,12507.958716666666
1956,10910.426377777778
1957,13747.163526777389
1958,6133.243
1959,8920.696782957393
1960,6713.246
1961,14029.953275862068
1962,12480.772033333333
1963,6575.662
1964,5074.315
1965,14399.715883333334
1966,5014.757799999999
1967,13906.510416666666
1968,7254.968
1969,12237.035733333334
1970,12043.751
1971,14415.338942170742
1972,13263.390242424242
1973,11279.629857142858
1974,22584.99
1975,5419.043
1976,11082.235
1977,6404.87
1978,4187.397
1979,11438.372633333334
1980,9454.111142857142
1981,10469.138680701753
1982,4701.019955555556
1983,13262.289227609888
1984,11680.333333333332
1985,7126.724
1986,8238.7265
1987,5488.78
1988,12411.856
1989,5977.775
1990,13043.949504686489
1991,13189.893256349205
1992,8097.414833333334
1993,11418.852743589741
1994,8600.668
1995,12835.7645
1996,7008.1044
1997,11427.092
1998,15778.526875
1999,12852.218
2000,12436.64736378446
2001,7705.565104118103
2002,10682.590999622926
2003,3896.13
2004,11175.008769230768
2005,8650.046400000001
2006,12831.499353751808
2007,8772.135039705881
2008,8671.460350218851
2009,14619.013083333331
2010,12116.732
2011,11462.691580952382
2012,12131.3025
2013,13278.692598674583
2014,13583.545916666666
2015,9130.011
2016,3996.159
2017,12392.0115
2018,7086.454
2019,13719.393150959146
2020,3549.73
2021,11466.285611111112
2022,14164.043536790614
2023,4667.007
2024,4538.827
2025,13027.445104761897
2026,17084.264133333334
2027,10940.727333333332
2028,10373.292
2029,14071.808
2030,14804.582833333334
2031,11781.9131
2032,16664.07988888889
2033,9981.08925
2034,4640.235315789474
2035,6284.903
2036,4377.505
2037,4188.25
2038,4301.884333333333
2039,4108.14675
2040,12405.652
2041,13089.6435
2042,8960.851
2043,12678.29254556517
2044,3914.763
2045,2497.208
2046,4039.664
2047,11409.497
2048,7209.897
2049,6424.0005
2050,12903.293
2051,2042.912
2052,5886.9
2053,5741.1183833333325
2054,10242.183833333334
2055,10526.41205
2056,5157.54
2057,5820.039
2058,15135.6039
2059,5762.575
2060,8247.294
2061,12709.612995543948
2062,13575.509416666666
2063,4618.09
2064,11319.641394444448
2065,10862.017777777775
2066,4208.936
2067,6059.111
2068,11470.663272727274
2069,4409.759777192982
2070,6386.131
2071,5310.479
2072,10120.227795454544
2073,9685.645545614034
2074,12798.866095238096
2075,9139.2025
2076,13023.099904761903
2077,4159.265
2078,8358.503141790363
2079,7080.724
2080,5675.6304
2081,4648.3165
2082,13660.04465
2083,14047.755977272727
2084,7569.300721264368
2085,11946.44675
2086,12631.780939300977
2087,8580.647
2088,13637.58772478595
2089,2918.606
2090,9696.1805
2091,5253.867
2092,8478.295937349383
2093,16945.00975
2094,4874.9519
2095,15281.157201643184
2096,14497.243108281573
2097,4209.4984347826085
2098,11137.414
2099,4091.2396666666664
2100,10596.895995454546
2101,8448.962611328085
2102,4843.845
2103,3806.627
2104,11463.904166666667
2105,6655.2694
2106,8733.315025
2107,12721.903825
2108,12705.865711251243
2109,15103.03479090909
2110,5380.655
2111,11486.068216666668
2112,4687.884555555556
2113,14788.1805
2114,11165.01228125
2115,11341.838333333333
2116,10723.222667612516
2117,11188.326
2118,5896.912
2119,10329.9495
2120,10895.434166666666
2121,11679.721658333332
2122,13750.601
2123,13483.27
2124,5052.039
2125,11077.960142857142
2126,14137.01509922151
2127,16874.196
2128,7739.455
2129,5485.252
2130,12298.261
2131,9764.310926240476
2132,13273.611064102566
2133,6861.7304
